Metric,Value
Loss,0.20579825341701508
Accuracy,0.6071428656578064
Date,20230803_175450
