epoch,accuracy,loss
5,0.557692289,0.671447337
10,0.721153855,0.629110396
15,0.759615362,0.603806674
20,0.759615362,0.588689744
25,0.759615362,0.580295205
30,0.759615362,0.573192179
35,0.759615362,0.566930413
40,0.759615362,0.562836766
45,0.75,0.559740901
50,0.75,0.555515051
55,0.75,0.552943587
60,0.75,0.550956786
65,0.75,0.549105883
70,0.75,0.547118604
75,0.75,0.54502064
80,0.75,0.54329288
85,0.75,0.541541457
90,0.75,0.539083421
95,0.75,0.538561761
100,0.75,0.536538124
